{
  "version": 1,
  "author": "Khayru Permana",
  "editor": "wokwi",
  "parts": [
    { "type": "board-esp32-devkit-c-v4", "id": "esp", "top": 0, "left": -4.76, "attrs": {} },
    {
      "type": "wokwi-resistor",
      "id": "r1",
      "top": 42.65,
      "left": 133,
      "rotate": 180,
      "attrs": { "value": "1000" }
    },
    {
      "type": "wokwi-resistor",
      "id": "r2",
      "top": 119.45,
      "left": 229,
      "rotate": 180,
      "attrs": { "value": "1000" }
    },
    {
      "type": "wokwi-resistor",
      "id": "r3",
      "top": 90.65,
      "left": 181,
      "rotate": 180,
      "attrs": { "value": "1000" }
    },
    { "type": "wokwi-led", "id": "led1", "top": 63.6, "left": 291.8, "attrs": { "color": "red" } },
    {
      "type": "wokwi-led",
      "id": "led3",
      "top": -13.2,
      "left": 234.2,
      "attrs": { "color": "limegreen" }
    },
    {
      "type": "wokwi-led",
      "id": "led2",
      "top": 25.2,
      "left": 263,
      "attrs": { "color": "yellow" }
    }
  ],
  "connections": [
    [ "esp:TX", "$serialMonitor:RX", "", [] ],
    [ "esp:RX", "$serialMonitor:TX", "", [] ],
    [ "esp:GND.2", "led3:C", "black", [ "v0" ] ],
    [ "led3:A", "r1:1", "green", [ "v0" ] ],
    [ "esp:GND.2", "led1:C", "black", [ "v0" ] ],
    [ "esp:GND.2", "led2:C", "black", [ "v0" ] ],
    [ "r1:2", "esp:19", "green", [ "v0" ] ],
    [ "led2:A", "r3:1", "green", [ "v0" ] ],
    [ "r3:2", "esp:18", "green", [ "v0", "h-116.4" ] ],
    [ "led1:A", "r2:1", "green", [ "v0" ] ],
    [ "r2:2", "esp:17", "green", [ "v0" ] ]
  ],
  "dependencies": {}
}