{
  "version": 1,
  "author": "Khayru Permana",
  "editor": "wokwi",
  "parts": [
    { "type": "board-esp32-devkit-c-v4", "id": "esp", "top": 0, "left": 0, "attrs": {} },
    {
      "type": "wokwi-led",
      "id": "led1",
      "top": 15.6,
      "left": 215,
      "attrs": { "color": "limegreen" }
    },
    {
      "type": "wokwi-led",
      "id": "led2",
      "top": 15.6,
      "left": 176.6,
      "attrs": { "color": "yellow" }
    },
    { "type": "wokwi-led", "id": "led3", "top": 15.6, "left": 138.2, "attrs": { "color": "red" } },
    {
      "type": "wokwi-resistor",
      "id": "r1",
      "top": 110.4,
      "left": 124.25,
      "rotate": 90,
      "attrs": { "value": "1000" }
    },
    {
      "type": "wokwi-resistor",
      "id": "r2",
      "top": 110.4,
      "left": 201.05,
      "rotate": 90,
      "attrs": { "value": "1000" }
    },
    {
      "type": "wokwi-resistor",
      "id": "r3",
      "top": 110.4,
      "left": 162.65,
      "rotate": 90,
      "attrs": { "value": "1000" }
    },
    {
      "type": "wokwi-pushbutton",
      "id": "btn1",
      "top": 159.8,
      "left": -134.4,
      "attrs": { "color": "green", "xray": "1" }
    },
    {
      "type": "wokwi-pushbutton",
      "id": "btn2",
      "top": 83,
      "left": -134.4,
      "attrs": { "color": "green", "xray": "1" }
    },
    {
      "type": "wokwi-pushbutton",
      "id": "btn3",
      "top": 25.4,
      "left": -134.4,
      "attrs": { "color": "green", "xray": "1" }
    }
  ],
  "connections": [
    [ "esp:TX", "$serialMonitor:RX", "", [] ],
    [ "esp:RX", "$serialMonitor:TX", "", [] ],
    [ "esp:GND.2", "led3:C", "black", [ "v0", "h43.24", "v28.8" ] ],
    [ "led3:A", "r1:1", "green", [ "v9.6", "h-9.6" ] ],
    [ "led2:A", "r3:1", "green", [ "v9.6", "h-9.6" ] ],
    [ "led1:A", "r2:1", "green", [ "v9.6", "h-9.6" ] ],
    [ "led3:C", "led2:C", "green", [ "v0" ] ],
    [ "led2:C", "led1:C", "green", [ "v0" ] ],
    [ "r1:2", "esp:23", "green", [ "h-19.2", "v-106.8" ] ],
    [ "r3:2", "esp:22", "green", [ "v8.4", "h-67.2", "v-105.6" ] ],
    [ "r2:2", "esp:21", "green", [ "v18", "h-115.2", "v-86.4" ] ],
    [ "btn1:2.r", "esp:GND.1", "green", [ "h19.4", "v-38.2" ] ],
    [ "btn2:2.r", "esp:GND.1", "green", [ "h19.4", "v38.6" ] ],
    [ "btn3:2.r", "esp:GND.1", "green", [ "h19.4", "v96.2" ] ],
    [ "btn3:1.r", "esp:34", "green", [ "v0", "h57.8", "v28.8" ] ],
    [ "btn2:1.r", "esp:35", "green", [ "v0", "h57.8", "v-19.2" ] ],
    [ "btn1:1.r", "esp:32", "green", [ "v-86.4", "h67.4" ] ]
  ],
  "dependencies": {}
}