{
  "version": 1,
  "author": "Khayru Permana",
  "editor": "wokwi",
  "parts": [
    {
      "type": "board-esp32-devkit-c-v4",
      "id": "esp",
      "top": -30.46,
      "left": -149.9,
      "rotate": 90,
      "attrs": {}
    },
    { "type": "wokwi-dht22", "id": "dht1", "top": -105.3, "left": 148.2, "attrs": {} },
    {
      "type": "wokwi-photoresistor-sensor",
      "id": "ldr1",
      "top": -92.8,
      "left": -124,
      "attrs": {}
    },
    {
      "type": "wokwi-lcd1602",
      "id": "lcd1",
      "top": 169.6,
      "left": 44,
      "attrs": { "pins": "i2c" }
    }
  ],
  "connections": [
    [ "esp:TX", "$serialMonitor:RX", "", [] ],
    [ "esp:RX", "$serialMonitor:TX", "", [] ],
    [ "dht1:VCC", "esp:3V3", "red", [ "v19.2", "h-182.4" ] ],
    [ "dht1:GND", "esp:GND.2", "black", [ "v0" ] ],
    [ "dht1:DATA", "esp:19", "green", [ "v0" ] ],
    [ "ldr1:VCC", "esp:3V3", "red", [ "h19.2", "v67.2", "h-86.4" ] ],
    [ "ldr1:GND", "esp:GND.2", "black", [ "h28.8", "v191.6" ] ],
    [ "ldr1:AO", "esp:34", "red", [ "h9.6", "v47.3", "h-115.2" ] ],
    [ "dht1:SDA", "esp:19", "green", [ "v124.8", "h-259.1" ] ],
    [ "lcd1:VCC", "esp:3V3", "red", [ "h-9.6", "v0.1", "h-19.2", "v-182.55" ] ],
    [ "lcd1:GND", "esp:GND.2", "black", [ "h-67.2", "v-76.8" ] ],
    [ "lcd1:SCL", "esp:22", "limegreen", [ "h-76.8", "v0.3", "h-9.6" ] ],
    [ "lcd1:SDA", "esp:21", "green", [ "h-38.4", "v0.2", "h-76.8" ] ]
  ],
  "dependencies": {}
}